{
    "loss": 56.832069396972656,
    "accuracy": 0.4313725531101227
}